v2_id,legacy_wp_id,status,name,address,stored_postal_code,stored_city_name,derived_postal_code,derived_city_name,latitude,longitude,geography,classification,issues,legacy_published_at
1,13453,published,Effes,"Rue Jean de Ponthieu 80100 Abbeville",,,80100,Abbeville,50.1066316,1.8328573,Abbeville,COMPLETE_WITH_GPS,,"2017-08-21 22:28:40"
4,13454,published,"Chez Dalan","28 chaussee du bois 80100 Abbeville",,,80100,Abbeville,50.1080799,1.8370869,Abbeville,COMPLETE_WITH_GPS,,"2017-08-21 22:28:40"
8,13455,published,"La Strada","15 boulevard de la republique 80100 Abbeville",,,80100,Abbeville,50.1095196,1.8391408,Abbeville,COMPLETE_WITH_GPS,,"2017-08-21 22:28:40"
9,13456,published,Izmir,"29 rue du maréchal Foch 80100 Abbeville",,,80100,Abbeville,50.1049676,1.8351987,Abbeville,COMPLETE_WITH_GPS,,"2017-08-21 22:28:40"
10,13457,published,"Etoile d'Istanbul","17 avenue de la gare 80100 Abbeville",,,80100,Abbeville,50.1026486,1.8252937,Abbeville,COMPLETE_WITH_GPS,,"2017-08-21 22:28:40"
29,13458,published,L'Atlas,"Route Boucher De Perthes 80100 Abbeville",,,80100,Abbeville,50.1059393,1.8358482,Abbeville,COMPLETE_WITH_GPS,,"2017-08-21 22:28:40"
30,13459,published,"Le Cappadoce","1 Boulevard De La République 80100 Abbeville",,,80100,Abbeville,50.1091881,1.8392561,Abbeville,COMPLETE_WITH_GPS,,"2017-08-21 22:28:40"
31,13460,published,"Noodle ness","24 avenue des Droits de L'homme 78260 Acheres",,,78260,Acheres,48.9505103,2.0642055,Acheres,COMPLETE_WITH_GPS,,"2017-08-21 22:28:40"
32,13461,published,"Croque MC","43 Avenue de Stalingrad 78260 Achères",,,78260,Achères,48.9626060,2.0709515,Acheres,COMPLETE_WITH_GPS,,"2017-08-21 22:28:40"
33,13462,published,Denise,"2 Rue Paquet 78260 Achères",,,78260,Achères,48.9618719,2.0709798,Acheres,COMPLETE_WITH_GPS,,"2017-08-21 22:28:40"
34,13463,published,"Le Dawliz","24 Avenue des Droits de l'Homme 78260 Achères",,,78260,Achères,48.9505103,2.0642055,Acheres,COMPLETE_WITH_GPS,,"2017-08-21 22:28:40"
35,13464,published,"Le Délice","Avenue de Stalingrad 78260 Achères",,,78260,Achères,48.9613947,2.0694236,Acheres,COMPLETE_WITH_GPS,,"2017-08-21 22:28:40"
2,13465,published,"So Asia","42 Avenue de Stalingrad 78260 Achères",,,78260,Achères,48.9622243,2.0708556,Acheres,COMPLETE_WITH_GPS,,"2017-08-21 22:28:40"
36,13466,published,"Oasis Kebab","1 Rue des Tamaris 34300 Agde",,,34300,Agde,43.3035160,3.4842790,Agde,COMPLETE_WITH_GPS,,"2017-08-21 22:28:40"
37,13467,published,"Istanbul kebab","3 Impasse du Globe 34300 Agde",,,34300,Agde,43.2818978,3.5151981,Agde,COMPLETE_WITH_GPS,,"2017-08-21 22:28:40"
1299,14733,published,"Babylon Kebab","36 rue de lHorloge 11400 Castelnaudary",,,11400,Castelnaudary,,,Castelnaudary,COMPLETE_NO_GPS,,"2017-08-21 22:30:55"
1897,15335,published,"quick halal creil nogent","1-3 Avenue de LEurope 60100 Creil",,,60100,Creil,,,Creil,COMPLETE_NO_GPS,,"2017-08-21 22:32:06"
4023,17463,published,"Pizza et Tradition","32 Avenue de lEcole dAgriculture 34000 Montpellier",,,34000,Montpellier,,,Montpellier,COMPLETE_NO_GPS,,"2017-08-21 22:36:34"
4073,17513,published,"quick halal Montreuil","55 Boulevard Rouget de LIsle 93100 Montreuil",,,93100,Montreuil,,,Montreuil,COMPLETE_NO_GPS,,"2017-08-21 22:36:41"
4231,17671,published,"Mer Caspienne","11 rue de lArmée Patton 54000 Nancy",,,54000,Nancy,,,Nancy,COMPLETE_NO_GPS,,"2017-08-21 22:37:00"
4983,18436,published,"Hangar Türkü","29 rue dEnghien 75010 Paris",,,75010,Paris,,,Paris,COMPLETE_NO_GPS,,"2017-08-21 22:38:39"
7638,22256,pending,"Fresh Burritos Nanterre","13 Terr. de l'Université, 92000 Nanterre",,,92000,Nanterre,,,Nanterre,COMPLETE_NO_GPS,,
7698,22737,pending,"Braise Gourmande","111 avenue du Rosny 93250 Villemomble",,,93250,Villemomble,,,Villemomble,COMPLETE_NO_GPS,,
136,13566,published,FASTTHAI,"31 rue charles de gaulle Alfortville",,,,,48.8148283,2.4158333,Alfortville,PARTIAL_WITH_GPS,,"2017-08-21 22:28:50"
400,13831,published,"Ma Poule Grillée","280 - 336 Route d'Enghien Argenteuil 95100",,,,,48.9565544,2.2831453,Argenteuil,PARTIAL_WITH_GPS,,"2017-08-21 22:29:17"
615,14049,published,O'Kebap,"Galerie de l'ibis 97122 Baie-Mahault",,,,,16.2414330,-61.5648977,Baie-Mahault,PARTIAL_WITH_GPS,,"2017-08-21 22:29:40"
616,14050,published,"As Kebab","Rue Nobel - Z.I Jarry 97122 Baie-Mahault",,,,,16.2387064,-61.5690621,Baie-Mahault,PARTIAL_WITH_GPS,,"2017-08-21 22:29:40"
622,14056,published,"Ty Food","1 Rue de Rosporden, 29380 Bannalec, France",,,,,47.9322550,-3.6987838,Bannalec,PARTIAL_WITH_GPS,,"2017-08-21 22:29:42"
625,14059,published,"Le New York snack coffee","3 Rue de Couchot, 55000 Bar-le-Duc, France",,,,,48.7767844,5.1603221,Bar-le-Duc,PARTIAL_WITH_GPS,,"2017-08-21 22:29:42"
630,14064,published,L'Oriental,"5 Rue du Général Nismes, 47230 Barbaste, France",,,,,44.1707541,0.2872479,Barbaste,PARTIAL_WITH_GPS,,"2017-08-21 22:29:42"
631,14065,published,"Chic kebab","16 Rue Jules Béraud, 04400 Barcelonnette, France",,,,,44.3868246,6.6517854,Barcelonnette,PARTIAL_WITH_GPS,,"2017-08-21 22:29:42"
632,14066,published,"Barlin Kebab","BARLIN KEBAB, 2 Rue Albert Legrand, 62620 Barlin, France",,,,,50.4588869,2.6154784,Barlin,PARTIAL_WITH_GPS,,"2017-08-21 22:29:42"
636,14070,published,"Le kebab","Rue Delrieu 97100 Basse terre",,,,,16.0002310,-61.7317059,Basse-terre,PARTIAL_WITH_GPS,,"2017-08-21 22:29:44"
637,14071,published,"Mini Kébab","2 place Saint François 97100 Basse terre",,,,,15.9966210,-61.7309880,Basse-terre,PARTIAL_WITH_GPS,,"2017-08-21 22:29:44"
639,14073,published,"U Frescu","63 Boulevard du Général Graziani, 20200 Bastia, France",,,,,42.7052495,9.4516245,Bastia,PARTIAL_WITH_GPS,,"2017-08-21 22:29:44"
646,14080,published,Istanbul,"3 Rue des Armuriers, 25110 Baume-les-Dames, France",,,,,47.3520667,6.3605297,Baume-les-Dames,PARTIAL_WITH_GPS,,"2017-08-21 22:29:44"
648,14082,published,"Istanbul Kebab","Rue Saint-Jean, 14400 Bayeux, France",,,,,49.2753979,-0.6966617,Bayeux,PARTIAL_WITH_GPS,,"2017-08-21 22:29:44"
659,14093,published,"Delices D'istanbul","32 Rue d'Espagne, 64100 Bayonne, France",,,,,43.4891370,-1.4772169,Bayonne,PARTIAL_WITH_GPS,,"2017-08-21 22:29:45"
7648,22343,pending,"Fresh Burritos Reims","45 Place Drouet d'Erlon, Reims, France",,,,,,,Reims,PARTIAL_NO_GPS,,
7649,22352,pending,"Fresh Burritos Euralille","100 Avenue Willy Brandt, Lille, France",,,,,,,Lille,PARTIAL_NO_GPS,,
7650,22358,pending,"Fresh Burritos Tours Heure tranquille","59 avenue Marcel Mérieux",,,,,,,Tours,PARTIAL_NO_GPS,,
7651,22364,pending,"Fresh Burritos Clermont Lafayette","31 Boulevard Lafayette, Clermont-Ferrand, France",,,,,,,Clermont-Ferrand,PARTIAL_NO_GPS,,
7652,22370,pending,"Fresh Burritos Sainte Marie","32 Rue Michel Ange, Sainte-Marie, La Réunion",,,,,,,Sainte-Marie,PARTIAL_NO_GPS,,
7653,22376,pending,"Fresh Burritos La Réunion Saint Denis","16 Rue de l'Amiral Lacaze, Saint-Denis, La Réunion",,,,,,,Saint-Denis,PARTIAL_NO_GPS,,
7654,22382,pending,"Fresh Burritos Rennes Sainte-Anne","1 Rue Saint-Melaine, Rennes, France",,,,,,,Rennes,PARTIAL_NO_GPS,,
7676,22517,pending,"Le Biggy","20 rue sire firmin leroux",,,,,,,Amiens,PARTIAL_NO_GPS,,
7677,22556,pending,Mr.,"3137 Laguna Street",,,,,,,,PARTIAL_NO_GPS,,
7678,22560,pending,Mr.,"3137 Laguna Street",,,,,,,,PARTIAL_NO_GPS,,
7679,22575,pending,Mr.,"3137 Laguna Street",,,,,,,,PARTIAL_NO_GPS,,
7680,22579,pending,Mr.,"3137 Laguna Street",,,,,,,,PARTIAL_NO_GPS,,
7681,22580,pending,Mr.,"3137 Laguna Street",,,,,,,,PARTIAL_NO_GPS,,
7682,22585,pending,Mr.,"3137 Laguna Street",,,,,,,,PARTIAL_NO_GPS,,
7683,22596,pending,Mr.,"3137 Laguna Street",,,,,,,,PARTIAL_NO_GPS,,
159,13590,published,"Les Frangins","11 Avenue du Général De Gaulle 66110 Amelie Les Bains",,,66110,"Amelie Les Bains",42.4726479,2.6713280,Amelie-les-Bains-Palalda,CONFLICT,city_geography_mismatch,"2017-08-21 22:28:54"
540,13974,published,Louiva,"53 Rue de la commune de Paris 93300 Auvervilliers",,,93300,Auvervilliers,48.9104452,2.3806020,Aubervilliers,CONFLICT,city_geography_mismatch,"2017-08-21 22:29:33"
2816,16255,published,"Au P'tit Creux","La Rosiere 73700 La Rosiere 1850",,,73700,"La Rosiere 1850",45.6272900,6.8494640,"La Rosiere",CONFLICT,city_geography_mismatch,"2017-08-21 22:33:56"
2870,16309,published,"Snack Kaya Laneuveville","13 bis general patton 54410 Laneuville devant nancy",,,54410,"Laneuville devant nancy",48.6574483,6.2307548,Laneuveville-devant-Nancy,CONFLICT,city_geography_mismatch,"2017-08-21 22:34:03"
3119,16558,published,Akropole,"173 Rue Rivay 92300 Levallois",,,92300,Levallois,48.9007345,2.2844768,Levallois-Perret,CONFLICT,city_geography_mismatch,"2017-08-21 22:34:33"
4594,18034,published,"Family pizza sandwich","Ozoir-la-Ferrière, 8 Place Roger Nicolas, 77330 France",,,77330,France,48.7708094,2.6893067,Ozoir-la-Ferriere,CONFLICT,city_geography_mismatch,"2017-08-21 22:37:49"
6434,19890,published,"Valleau Kebab Soni","6 rue du cdt cousteau 33240 St Andre de Cubzac",,,33240,"St Andre de Cubzac",44.9927008,-0.4485538,Saint-Andre-de-Cubzac,CONFLICT,city_geography_mismatch,"2017-08-21 22:41:48"
6440,19896,published,"Sandwicherie et kebab","21 Porte Carrée 35140 St Aubin du Cormier",,,35140,"St Aubin du Cormier",48.2610847,-1.3987224,Saint-Aubin-du-Cormier,CONFLICT,city_geography_mismatch,"2017-08-21 22:41:50"
6441,19897,published,"Sos Pizza","90 avenue Lucien Boeuf 83370 St Aygulf",,,83370,"St Aygulf",43.3836031,6.7218468,Saint-Aygulf,CONFLICT,city_geography_mismatch,"2017-08-21 22:41:50"
6442,19898,published,"Basak kebab","montée Château 69720 St Bonnet de Mure",,,69720,"St Bonnet de Mure",45.6902980,5.0282720,Saint-Bonnet-de-Mure,CONFLICT,city_geography_mismatch,"2017-08-21 22:41:50"
6445,19901,published,"Damla Kebab","8 Place de Martray 22000 St Brieuc",,,22000,"St Brieuc",48.5146105,-2.7637742,Saint-Brieuc,CONFLICT,city_geography_mismatch,"2017-08-21 22:41:50"
6451,19907,published,"Royal kébab","1 Place Haute du Chai 22000 St Brieuc",,,22000,"St Brieuc",48.5151879,-2.7622810,Saint-Brieuc,CONFLICT,city_geography_mismatch,"2017-08-21 22:41:53"
6455,19911,published,"Le Bertlows","27 Rue De L Abbé Josselin 22000 St Brieuc",,,22000,"St Brieuc",48.5174040,-2.7536190,Saint-Brieuc,CONFLICT,city_geography_mismatch,"2017-08-21 22:41:53"
6460,19916,published,Nazar,"1 Rue Sadi carnot 72120 St Calais",,,72120,"St Calais",47.9200717,0.7454624,Saint-Calais,CONFLICT,city_geography_mismatch,"2017-08-21 22:41:53"
6464,19920,published,"Ceylan kebab","21 cours a. de montgolfier 42400 St Chamond",,,42400,"St Chamond",45.4715502,4.5105114,Saint-Chamond,CONFLICT,city_geography_mismatch,"2017-08-21 22:41:53"
2462,15901,reported,Miam's,,,,,,,,Grenoble,INVALID,,"2017-08-21 22:33:11"
7509,21350,published,"Les deux rives : Restaurant créteil",,,,,,,,,INVALID,,"2018-03-06 22:40:08"
7544,21641,published,"Sushi Time's",,,,,,,,Argenteuil,INVALID,,"2020-10-31 18:51:57"
3183,16622,published,"Turquoise Kebab","48 rue de Masséna 59800 Lille",,,59800,Lille,50.6324637,3.0547630,Lille,COMPLETE_WITH_GPS,placeholder,"2017-08-21 22:34:41"
3200,16639,published,"La Turka","42 Rue Masséna 59800 Lille",,,59800,Lille,50.6325388,3.0548609,Lille,COMPLETE_WITH_GPS,placeholder,"2017-08-21 22:34:44"
3215,16654,published,"Le Pintcho","29 Rue Masséna 59800 Lille",,,59800,Lille,50.6328766,3.0551655,Lille,COMPLETE_WITH_GPS,placeholder,"2017-08-21 22:34:46"
3224,16663,published,"Le Bosphore","53 rue masséna 59000 Lille",,,59000,Lille,50.6324598,3.0550585,Lille,COMPLETE_WITH_GPS,placeholder,"2017-08-21 22:34:46"
6350,19806,published,"Aux Caprices","10 Rue d'Iéna, 67600 Sélestat, France",,,,,48.2570308,7.4526774,Selestat,PARTIAL_WITH_GPS,placeholder,"2017-08-21 22:41:37"
6465,19921,published,"Istanbul Kebab","7 rue des trois frères 42400 St Chamond",,,42400,"St Chamond",45.4738073,4.5091148,Saint-Chamond,CONFLICT,city_geography_mismatch,"2017-08-21 22:41:53"
6469,19925,published,Meram,"14 Place Germain Morel 42400 St Chamond",,,42400,"St Chamond",45.4723185,4.5100849,Saint-Chamond,CONFLICT,city_geography_mismatch,"2017-08-21 22:41:55"
6476,19932,published,"Le pizza kebab","1277 Avenue Trevoux 01000 St Denis lès Bourg",,,01000,"St Denis lès Bourg",46.1996948,5.1909306,Saint-Denis-les-Bourg,CONFLICT,city_geography_mismatch,"2017-08-21 22:41:55"
6486,19942,published,"Chez Kuky 2","10 rue d'Amérique 88100 St Dié des Vosges",,,88100,"St Dié des Vosges",48.2890000,6.9484770,Saint-Die-des-Vosges,CONFLICT,city_geography_mismatch,"2017-08-21 22:41:57"
6490,19946,published,Ponbou,"16 rue de st robert 38120 St Egrève",,,38120,"St Egrève",45.2346864,5.6776601,Saint-Egreve,CONFLICT,city_geography_mismatch,"2017-08-21 22:41:57"
6502,19958,published,"Oh' bon kebab","14 place aristide briand 42330 St Galmier",,,42330,"St Galmier",45.5907703,4.3177155,Saint-Galmier,CONFLICT,city_geography_mismatch,"2017-08-21 22:41:59"
6503,19959,published,"Le kebab de saint gaudens","1 Rue Pradet 31800 St Gaudens",,,31800,"St Gaudens",43.1094743,0.7244019,Saint-Gaudens,CONFLICT,city_geography_mismatch,"2017-08-21 22:41:59"
6506,19962,published,"Euro kebab","17 place du marché 71330 St germain du bois",,,71330,"St germain du bois",46.7524627,5.2420904,Saint-germain-du-bois,CONFLICT,city_geography_mismatch,"2017-08-21 22:41:59"
6508,19964,published,"Kebab express pro","15 Route Epernay 51510 St Gibrien",,,51510,"St Gibrien",48.9709763,4.2981806,Saint-Gibrien,CONFLICT,city_geography_mismatch,"2017-08-21 22:41:59"
6513,19969,published,L'Oriental,"6 rue des Clos Amis 44800 St Herblain",,,44800,"St Herblain",47.2109443,-1.6570407,Saint-Herblain,CONFLICT,city_geography_mismatch,"2017-08-21 22:42:01"
6517,19973,published,"Urfa kebab","Rue de la mayenne centre ccial la harliere 44800 St Herblain",,,44800,"St Herblain",47.2141829,-1.6145715,Saint-Herblain,CONFLICT,city_geography_mismatch,"2017-08-21 22:42:01"
6518,19974,published,"Sen kebab","Centre commercial Harlière 44800 St Herblain",,,44800,"St Herblain",47.2241730,-1.6315120,Saint-Herblain,CONFLICT,city_geography_mismatch,"2017-08-21 22:42:01"
6520,19976,published,"Le Babylone","7 place de la république 42650 St Jean Bonnefonds",,,42650,"St Jean Bonnefonds",45.4514525,4.4475210,Saint-Jean-Bonnefonds,CONFLICT,city_geography_mismatch,"2017-08-21 22:42:01"
6523,19979,published,"Kebab Pacha","11 passage de l'hotel de ville 45800 St Jean de Braye",,,45800,"St Jean de Braye",47.9117062,1.9699770,Saint-Jean-de-Braye,CONFLICT,city_geography_mismatch,"2017-08-21 22:42:01"
6536,19992,published,"Le kebab bosphore","152 Route Vignes 74160 St Julien en Genevois",,,74160,"St Julien en Genevois",46.1387262,6.0701905,Saint-Julien-en-Genevois,CONFLICT,city_geography_mismatch,"2017-08-21 22:42:04"
6539,19995,published,"Kebab l'oasis","4 Rue Paris 60130 St Just en Chaussée",,,60130,"St Just en Chaussée",49.5063157,2.4330155,Saint-Just-en-Chaussee,CONFLICT,city_geography_mismatch,"2017-08-21 22:42:04"
6541,19997,published,"Ali Baba","61 Avenue Mellet-Mandard 42170 St just st rambert",,,42170,"St just st rambert",45.5063803,4.2635998,Saint-Just-Saint-Rambert,CONFLICT,city_geography_mismatch,"2017-08-21 22:42:06"
6543,19999,published,Nicolas,"6 bl de la marine 66250 St laurent de la salanque",,,66250,"St laurent de la salanque",42.7730027,2.9919135,Saint-laurent-de-la-salanque,CONFLICT,city_geography_mismatch,"2017-08-21 22:42:06"
6544,20000,published,L'Oasis,"4 place de la concorde 66250 St laurent de la salanque",,,66250,"St laurent de la salanque",42.7733475,2.9900004,Saint-laurent-de-la-salanque,CONFLICT,city_geography_mismatch,"2017-08-21 22:42:06"
6546,20002,published,"St Leger Kebab","12 Place du Capitaine Giraud 71510 St Leger Sur Dheune",,,71510,"St Leger Sur Dheune",46.8458197,4.6347744,Saint-Leger-Sur-Dheune,CONFLICT,city_geography_mismatch,"2017-08-21 22:42:06"
6551,20007,published,Efes,"13 rue Villedieu 50000 St Lô",,,50000,"St Lô",49.1140543,-1.0985256,Saint-Lo,CONFLICT,city_geography_mismatch,"2017-08-21 22:42:06"
6553,20009,published,"Antalia kebab","21 Rue Jeanne d'Arc 49450 St Macaire en Mauges",,,49450,"St Macaire en Mauges",47.1226465,-0.9955301,Saint-Macaire-en-Mauges,CONFLICT,city_geography_mismatch,"2017-08-21 22:42:06"
6554,20010,published,"Le Royal Kebab","2 route du champ du bourg 33125 St Magne",,,33125,"St Magne",44.5247774,-0.6570676,Saint-Magne,CONFLICT,city_geography_mismatch,"2017-08-21 22:42:06"
6556,20012,published,"Chiche Kebbab","3 place du marché aux légumes 35400 St Malo",,,35400,"St Malo",48.6480131,-2.0254705,Saint-Malo,CONFLICT,city_geography_mismatch,"2017-08-21 22:42:08"
