line,kind,source,destination,flags,conditions,infrastructure,query_condition,home_destination,drops_query,unicode_source
3,rewrite,^(.*)$,https://top-halal.fr/$1,"QSA,L,R=301",%{HTTP_HOST} ^www.top-halal.fr$,True,False,False,False,False
5,rewrite,^.*$,https://%{SERVER_NAME}%{REQUEST_URI},"R=301,L",%{HTTPS} !=on,True,False,True,False,False
8,rewrite,^(.*),https://top-halal.fr/?,"L,R=301",%{HTTP_HOST} ^goodtime-restaurant.fr$ [or] | %{HTTP_HOST} ^www.goodtime-restaurant.fr$,True,False,True,True,False
9,exact,/events,https://top-halal.fr/,,,False,False,True,False,False
10,exact,/password-recovery,https://top-halal.fr/,,,False,False,True,False,False
11,exact,/restaurants/specialite/creperie,https://top-halal.fr/specialites/cuisine-creperie,,,False,False,False,False,False
12,exact,/restaurants/specialite/software,https://top-halal.fr/,,,False,False,True,False,False
13,exact,/restaurants-par-specialite,https://top-halal.fr/guide-top-halal,,,False,False,False,False,False
14,exact,/restaurants-par-specialites-services,https://top-halal.fr/guide-top-halal,,,False,False,False,False,False
15,exact,/testttt,https://top-halal.fr/guide-top-halal,,,False,False,False,False,False
16,exact,/cuisine-fast-food,https://top-halal.fr/specialites/cuisine-fast-food,,,False,False,False,False,False
17,exact,/videoss,https://top-halal.fr/videos,,,False,False,False,False,False
18,exact,/mon-compte/event-favorites/www.linkedin.com/www.google.com/www.linkedin.com/appthemes,https://top-halal.fr/,,,False,False,True,False,False
19,exact,/mon-compte/event-favorites/www.linkedin.com/www.google.com/appthemes,https://top-halal.fr/,,,False,False,True,False,False
20,exact,/mon-compte/restaurants/customer/page/495,https://top-halal.fr/,,,False,False,True,False,False
21,exact,/mon-compte/restaurants/customer,https://top-halal.fr/,,,False,False,True,False,False
22,exact,/tout-savoir-sur-le-halal,https://top-halal.fr/signification-du-mot-halal,,,False,False,False,False,False
23,exact,/mosquee-de-paris/sida-et-islam,https://top-halal.fr/mosquee-de-paris/islam-et-sida,,,False,False,False,False,False
24,exact,/eyeblaster/addineyeV2.html,https://top-halal.fr/,,,False,False,True,False,False
25,exact,/quick,https://top-halal.fr/quick-hallal,,,False,False,False,False,False
27,rewrite,^muslim-gourmet/$,https://top-halal.fr/muslim-gourmet?,"L,R=301",%{REQUEST_URI} ^$,False,False,False,True,False
29,rewrite,^.*$,https://top-halal.fr/?,"L,R=301",%{REQUEST_URI} ^/mon-compte/restaurants/twitter.*$,False,False,True,True,False
31,rewrite,^.*$,https://top-halal.fr/?,"L,R=301",%{REQUEST_URI} ^/mon-compte/restaurants/www.youtube.*$,False,False,True,True,False
33,rewrite,^.*$,https://top-halal.fr/muslim-gourmet?,"L,R=301",%{REQUEST_URI} ^/muslim-gourmet/page/.*$,False,False,False,True,False
35,rewrite,^.*$,https://top-halal.fr/?,"L,R=301",%{REQUEST_URI} ^/author/younes/page/.*$,False,False,True,True,False
40,rewrite,^.*$,https://top-halal.fr/muslim-gourmet?,"L,R=301",%{REQUEST_URI} ^/muslim-gourmet/2012/.*$ [or] | %{REQUEST_URI} ^/muslim-gourmet/2013/.*$ [or] | %{REQUEST_URI} ^/muslim-gourmet/2014/.*$ [or] | %{REQUEST_URI} ^/muslim-gourmet/2015/.*$,False,False,False,True,False
42,rewrite,^.*$,https://top-halal.fr/muslim-gourmet?,"L,R=301",%{REQUEST_URI} ^/muslim-gourmet/category/.*$,False,False,False,True,False
44,rewrite,^.*$,https://top-halal.fr/muslim-gourmet?,"L,R=301",%{REQUEST_URI} ^/muslim-gourmet/author/.*$,False,False,False,True,False
45,rewrite,^muslim-gourmet/a-propos/$,https://top-halal.fr/muslim-gourmet?,"L,R=301",,False,False,False,True,False
46,rewrite,^bons-plans/.*$,https://top-halal.fr/?,"L,R=301",,False,False,True,True,False
48,exact,/mosquee-de-paris/le-medecin-technicien-ou-magicien,https://top-halal.fr/mosquee-de-paris/medecin-technicien-ou-magicien,,,False,False,False,False,False
49,exact,/mosquee-de-paris/lutilisation-des-techniques-genetiques,https://top-halal.fr/mosquee-de-paris/utilisation-techniques-genetiques-islam,,,False,False,False,False,False
50,exact,/mosquee-de-paris/lobligation-de-se-soigner-en-islam,https://top-halal.fr/mosquee-de-paris/obligation-de-se-soigner-islam,,,False,False,False,False,False
51,exact,/mosquee-de-paris/journee-nationale-de-lutte-contre-le-cancer,https://top-halal.fr/mosquee-de-paris/journee-lutte-contre-cancer,,,False,False,False,False,False
52,exact,/mosquee-de-paris/lenseignement-de-lislam-dans-les-mosquees,https://top-halal.fr/mosquee-de-paris/enseignement-islam-mosquees,,,False,False,False,False,False
53,exact,/mosquee-de-paris/autres-interdits-de-lislam,https://top-halal.fr/mosquee-de-paris/autres-interdits-islam,,,False,False,False,False,False
54,exact,/mosquee-de-paris/lislam-a-laube-du-21eme-siecle,https://top-halal.fr/mosquee-de-paris/lislam-au-21eme-siecle,,,False,False,False,False,False
55,exact,/mosquee-de-paris/lislam-et-les-musulmans-de-france,https://top-halal.fr/mosquee-de-paris/musulmans-france-islam,,,False,False,False,False,False
56,exact,/mosquee-de-paris/la-femme-dans-lislam,https://top-halal.fr/mosquee-de-paris/femme-dans-islam,,,False,False,False,False,False
57,exact,/mosquee-de-paris/musulmans-et-chretiens-avons-nous-le-meme-dieu,https://top-halal.fr/mosquee-de-paris/musulmans-chretiens-meme-dieu,,,False,False,False,False,False
58,exact,/mosquee-de-paris/les-produits-alimentaires,https://top-halal.fr/mosquee-de-paris/produits-alimentaires,,,False,False,False,False,False
59,exact,/mosquee-de-paris/le-film-blasphematoire-et-provocateur-sur-lislam,https://top-halal.fr/mosquee-de-paris/film-blasphematoire,,,False,False,False,False,False
60,exact,/mosquee-de-paris/iftar-avec-le-president-de-la-republique-nicolas-sarkozy,https://top-halal.fr/mosquee-de-paris/iftar-president-republique-nicolas-sarkozy,,,False,False,False,False,False
61,exact,/mosquee-de-paris/alimentation-et-islam-les-interdits,https://top-halal.fr/mosquee-de-paris/alimentation-islam-et-interdits,,,False,False,False,False,False
62,exact,/mosquee-de-paris/bioethique-et-jurisprudence-islamique,https://top-halal.fr/mosquee-de-paris/bioethique-jurisprudence-islamique,,,False,False,False,False,False
63,exact,/mosquee-de-paris/la-dignite-de-lhomme-dans-la-societe-moderne,https://top-halal.fr/mosquee-de-paris/dignite-homme-societe-moderne,,,False,False,False,False,False
64,exact,/mosquee-de-paris/la-mecque-la-kaaba-et-les-origines-de-lislam,https://top-halal.fr/mosquee-de-paris/mecque-kaaba-origines-islam,,,False,False,False,False,False
65,exact,/mosquee-de-paris/la-symbolique-de-la-mosquee-de-paris,https://top-halal.fr/mosquee-de-paris/le-symbole,,,False,False,False,False,False
66,exact,/mosquee-de-paris/la-symbolique-du-sinai-ou-lepreuve-de-la-montagne,https://top-halal.fr/mosquee-de-paris/symbolique-sinai-ou-epreuve-montagne,,,False,False,False,False,False
67,exact,/mosquee-de-paris/les-raisons-de-la-victoire-a-la-bataille-de-badr,https://top-halal.fr/mosquee-de-paris/raisons-victoire-bataille-badr,,,False,False,False,False,False
68,exact,/mosquee-de-paris/lesclavage-et-lislam,https://top-halal.fr/mosquee-de-paris/esclavage-et-islam,,,False,False,False,False,False
69,exact,/mosquee-de-paris/lislam-et-lenvironnement,https://top-halal.fr/mosquee-de-paris/islam-et-environnement,,,False,False,False,False,False
70,exact,/mosquee-de-paris/notre-dieu-allah,https://top-halal.fr/mosquee-de-paris/dieu-allah,,,False,False,False,False,False
71,exact,/mosquee-de-paris/signification-de-lhomme-et-prehistoire,https://top-halal.fr/mosquee-de-paris/signification-homme-prehistoire,,,False,False,False,False,False
72,exact,/nouveaux-food-trucks-hong-kong-par-16-opérateurs,https://top-halal.fr/nouveaux-food-trucks-a-hong-kong-par-16-operateurs,,,False,False,False,False,True
73,exact,/position-chrétien-nourriture-halal,https://top-halal.fr/position-chretien-nourriture-halal,,,False,False,False,False,True
74,exact,/halal-à-savoir,https://top-halal.fr/en-bref,,,False,False,False,False,True
75,exact,/mosquee-de-paris/averroes–science-et-foi,https://top-halal.fr/mosquee-de-paris/averroes-science-et-foi,,,False,False,False,False,True
76,exact,/blog-archive.html,https://top-halal.fr/,,,False,False,True,False,False
77,exact,/Doit-on-accepter-violence-dans-abattoirs,https://top-halal.fr/violence-abattoirs,,,False,False,False,False,False
78,exact,/expansion-industrie-halal-coree,https://top-halal.fr/expansion-industrie-halal-coree-sud,,,False,False,False,False,False
79,exact,/halal-il-faut-savoir,https://top-halal.fr/en-bref,,,False,False,False,False,False
80,exact,/Halal-snack-pack-nourriture-qui-nous-reunit,https://top-halal.fr/halal-snack-pack-nourriture,,,False,False,False,False,False
81,exact,/industrie-halal-vraie-evolution-en-france,https://top-halal.fr/industrie-halal-vraie-evolution-france,,,False,False,False,False,False
82,exact,/langs/,https://top-halal.fr/,,,False,False,True,False,False
83,exact,/mosquee-de-paris/institut-al-ghazali,https://top-halal.fr/mosquee-de-paris/formation-imams-al-ghazali,,,False,False,False,False,False
84,exact,/mosquee-de-paris/le-hammam-de-la-mosquee,https://top-halal.fr/mosquee-de-paris/hammam,,,False,False,False,False,False
85,exact,/mosquee-de-paris/moise-dans-islam,https://top-halal.fr/mosquee-de-paris/moise-dans-lislam,,,False,False,False,False,False
86,exact,/muslim-gourmet/au-soleil-mister-kebab/amp,https://top-halal.fr/au-soleil-mister-kebab,,,False,False,False,False,False
87,exact,/muslim-gourmet/blog-archive.html,https://top-halal.fr/,,,False,False,True,False,False
88,exact,/muslim-gourmet/de-lafrique-aux-antilles-le-djembe/amp,https://top-halal.fr/de-lafrique-aux-antilles-le-djembe,,,False,False,False,False,False
89,exact,/muslim-gourmet/la-turquie-a-montpellier-mega-star-kebab/amp,https://top-halal.fr/la-turquie-a-montpellier-mega-star-kebab,,,False,False,False,False,False
90,exact,/nouveaux-food-trucks-hong-kong-par-16-oprrateurs,https://top-halal.fr/nouveaux-food-trucks-a-hong-kong-par-16-operateurs,,,False,False,False,False,False
91,exact,/Nouvelle-boucherie-halal-High-Wycombe,https://top-halal.fr/nouvelle-boucherie-halal-high-wycombe,,,False,False,False,False,False
92,exact,/nouvelle-boucherie-halal-High-Wycombe,https://top-halal.fr/nouvelle-boucherie-halal-high-wycombe,,,False,False,False,False,False
93,exact,/wp-co,https://top-halal.fr/,,,False,False,True,False,False
94,exact,/wp-contenu/uploads/2014/06/1453280_1395554670,https://top-halal.fr/,,,False,False,True,False,False
95,exact,/restaurants/hallal/fumoir,https://top-halal.fr/,,,False,False,True,False,False
96,exact,/restaurants/le-havre,https://top-halal.fr/restos/le-havre,,,False,False,False,False,False
97,exact,/restaurants/saint-brice-sous-foret,https://top-halal.fr/restos/saint-brice-sous-foret,,,False,False,False,False,False
98,exact,/restaurants/saint-germain-les-corbeil,https://top-halal.fr/restos/saint-germain-les-corbeil,,,False,False,False,False,False
99,exact,/restaurants/villeneuve-saint-georges,https://top-halal.fr/restos/villeneuve-saint-georges,,,False,False,False,False,False
100,exact,/restaurants/voulx,https://top-halal.fr/restos/voulx,,,False,False,False,False,False
101,exact,/restaurants/vouziers,https://top-halal.fr/restos/vouziers,,,False,False,False,False,False
102,exact,/restaurants/wasquehal,https://top-halal.fr/restos/wasquehal,,,False,False,False,False,False
103,exact,/restaurants/acheres,https://top-halal.fr/restos/acheres,,,False,False,False,False,False
104,exact,/restaurants/appthemes,https://top-halal.fr/,,,False,False,True,False,False
105,exact,/restaurants/asnieres-sur-seine,https://top-halal.fr/restos/asnieres-sur-seine,,,False,False,False,False,False
106,exact,/restaurants/aubonne,https://top-halal.fr/restos/aubonne,,,False,False,False,False,False
107,exact,/restaurants/bagneux,https://top-halal.fr/restos/bagneux,,,False,False,False,False,False
108,exact,/restaurants/beach--2,https://top-halal.fr/resto/beach-kebab,,,False,False,False,False,False
109,exact,/restaurants/burger-trip-restaurant-de-qualite,https://top-halal.fr/resto/burger-trip,,,False,False,False,False,False
110,exact,/restaurants/cesson-sevigne,https://top-halal.fr/restos/cesson-sevigne,,,False,False,False,False,False
111,exact,/restaurants/chez-tanty,https://top-halal.fr/,,,False,False,True,False,False
112,exact,/restaurants/cours-lieutaud,https://top-halal.fr/restos/cours-lieutaud,,,False,False,False,False,False
113,exact,/restaurants/epinay-sur-seine,https://top-halal.fr/restos/epinay-sur-seine,,,False,False,False,False,False
114,exact,/restaurants/sainte-genevieve-des-bois,https://top-halal.fr/restos/sainte-genevieve-des-bois,,,False,False,False,False,False
115,exact,/restaurant/test3,https://top-halal.fr/,,,False,False,True,False,False
116,exact,/restaurants/__trashed-16,https://top-halal.fr/,,,False,False,True,False,False
117,rewrite,^restaurants/-$,https://top-halal.fr/?,"L,R=301",,False,False,True,True,False
118,rewrite,^restaurants$,https://top-halal.fr/?,"L,R=301",,False,False,True,True,False
119,exact,/resto/-de-la-place-fontbarlettes,https://top-halal.fr/resto/kebab-de-la-place-fontbarlettes,,,False,False,False,False,False
120,exact,/resto/acheres,https://top-halal.fr/restos/acheres,,,False,False,False,False,False
121,exact,/resto/asnieres-sur-seine,https://top-halal.fr/restos/asnieres-sur-seine,,,False,False,False,False,False
122,exact,/resto/aubonne,https://top-halal.fr/restos/aubonne,,,False,False,False,False,False
123,exact,/resto/bagneux,https://top-halal.fr/restos/bagneux,,,False,False,False,False,False
124,exact,/resto/break-time-3,https://top-halal.fr/resto/break-time,,,False,False,False,False,False
125,exact,/resto/cours-lieutaud,https://top-halal.fr/restos/cours-lieutaud,,,False,False,False,False,False
126,exact,/resto/crepe-tower-2,https://top-halal.fr/resto/crepe-tower,,,False,False,False,False,False
127,exact,/resto/enk-2,https://top-halal.fr/resto/enk,,,False,False,False,False,False
128,exact,/resto/epinay-sur-seine,https://top-halal.fr/restos/epinay-sur-seine,,,False,False,False,False,False
129,exact,/resto/kidals-food-3,https://top-halal.fr/resto/kidals-food,,,False,False,False,False,False
130,exact,/resto/lathanor-pizza-bio-2,https://top-halal.fr/resto/lathanor-pizza-bio,,,False,False,False,False,False
131,exact,/resto/le-havre,https://top-halal.fr/restos/le-havre,,,False,False,False,False,False
132,exact,/resto/montigny-les-cormeilles,https://top-halal.fr/restos/montigny-les-cormeilles,,,False,False,False,False,False
133,exact,/resto/nouveau-restaurant-test,https://top-halal.fr/,,,False,False,True,False,False
134,exact,/resto/pizza--au-cabano,https://top-halal.fr/resto/pizza-kebab-au-cabano,,,False,False,False,False,False
135,exact,/resto/qg-restaurant,https://top-halal.fr/resto/restaurant-qg,,,False,False,False,False,False
136,exact,/resto/saint-brice-sous-foret,https://top-halal.fr/restos/saint-brice-sous-foret,,,False,False,False,False,False
137,exact,/resto/saint-germain-les-corbeil,https://top-halal.fr/restos/saint-germain-les-corbeil,,,False,False,False,False,False
138,exact,/resto/sainte-genevieve-des-bois,https://top-halal.fr/restos/sainte-genevieve-des-bois,,,False,False,False,False,False
139,exact,/resto/test3,https://top-halal.fr/,,,False,False,True,False,False
140,exact,/resto/villeneuve-saint-georges,https://top-halal.fr/restos/villeneuve-saint-georges,,,False,False,False,False,False
141,exact,/resto/voulx,https://top-halal.fr/restos/voulx,,,False,False,False,False,False
142,exact,/resto/vouziers,https://top-halal.fr/restos/vouziers,,,False,False,False,False,False
143,exact,/resto/vrigne-aux-bois,https://top-halal.fr/restos/vrigne-aux-bois,,,False,False,False,False,False
144,exact,/resto/wasquehal,https://top-halal.fr/restos/wasquehal,,,False,False,False,False,False
145,exact,/restos/a-la-mode-libanaise,https://top-halal.fr/resto/a-la-mode-libanaise,,,False,False,False,False,False
146,exact,/restos/a-lescale,https://top-halal.fr/resto/a-lescale,,,False,False,False,False,False
147,exact,/restos/afriknfusion,https://top-halal.fr/resto/afriknfusion,,,False,False,False,False,False
148,exact,/restos/alambra,https://top-halal.fr/resto/alambra,,,False,False,False,False,False
149,exact,/restos/allchicken-montreuil,https://top-halal.fr/resto/allchicken-montreuil,,,False,False,False,False,False
150,exact,/restos/allo-pizza-service,https://top-halal.fr/resto/allo-pizza-service,,,False,False,False,False,False
151,exact,/restos/alloasia,https://top-halal.fr/resto/alloasia,,,False,False,False,False,False
152,exact,/restos/alto-uno,https://top-halal.fr/resto/alto-uno,,,False,False,False,False,False
153,exact,/restos/anarkali,https://top-halal.fr/resto/anarkali,,,False,False,False,False,False
154,exact,/restos/andiamo-pizza,https://top-halal.fr/resto/andiamo-pizza,,,False,False,False,False,False
155,exact,/restos/aquarium,https://top-halal.fr/resto/aquarium,,,False,False,False,False,False
156,exact,/restos/as-pizza,https://top-halal.fr/resto/as-pizza,,,False,False,False,False,False
157,exact,/restos/asia-delices,https://top-halal.fr/resto/asia-delices,,,False,False,False,False,False
158,exact,/restos/asian-food,https://top-halal.fr/resto/asian-food,,,False,False,False,False,False
159,exact,/restos/asian-mix,https://top-halal.fr/resto/asian-mix,,,False,False,False,False,False
160,exact,/restos/asiatexpress,https://top-halal.fr/resto/asiatexpress,,,False,False,False,False,False
161,exact,/restos/atlas-couscous,https://top-halal.fr/resto/atlas-couscous,,,False,False,False,False,False
162,exact,/restos/au-beausoleil,https://top-halal.fr/resto/au-beausoleil,,,False,False,False,False,False
163,exact,/restos/au-brin-dolivier,https://top-halal.fr/resto/au-brin-dolivier,,,False,False,False,False,False
164,exact,/restos/au-chicca-pitta,https://top-halal.fr/resto/au-chicca-pitta,,,False,False,False,False,False
165,exact,/restos/au-poulet-braise,https://top-halal.fr/resto/au-poulet-braise,,,False,False,False,False,False
166,exact,/restos/au-sushi,https://top-halal.fr/resto/au-sushi,,,False,False,False,False,False
167,exact,/restos/au-vieux-four,https://top-halal.fr/resto/au-vieux-four,,,False,False,False,False,False
168,exact,/restos/augusta-pizza,https://top-halal.fr/resto/augusta-pizza,,,False,False,False,False,False
169,exact,/restos/aux-delices-ottomans,https://top-halal.fr/resto/aux-delices-ottomans,,,False,False,False,False,False
170,exact,/restos/aux-deux-etoiles,https://top-halal.fr/resto/aux-deux-etoiles,,,False,False,False,False,False
171,exact,/restos/baili,https://top-halal.fr/resto/baili,,,False,False,False,False,False
172,exact,/restos/balbigny-kebab,https://top-halal.fr/resto/balbigny-kebab,,,False,False,False,False,False
173,exact,/restos/bay-kebab,https://top-halal.fr/resto/bay-kebab,,,False,False,False,False,False
174,exact,/restos/beyrouthexpress,https://top-halal.fr/resto/beyrouthexpress,,,False,False,False,False,False
175,exact,/restos/bhai-bhai,https://top-halal.fr/resto/bhai-bhai,,,False,False,False,False,False
176,exact,/restos/bolly-bolly,https://top-halal.fr/resto/bolly-bolly,,,False,False,False,False,False
177,exact,/restos/bollywood-lounge,https://top-halal.fr/resto/bollywood-lounge,,,False,False,False,False,False
178,exact,/restos/burger-trip,https://top-halal.fr/resto/burger-trip,,,False,False,False,False,False
179,exact,/restos/casa-di-napoli,https://top-halal.fr/resto/casa-di-napoli,,,False,False,False,False,False
180,exact,/restos/casa-di-tacos,https://top-halal.fr/resto/casa-di-tacos,,,False,False,False,False,False
181,exact,/restos/chez-nanou,https://top-halal.fr/resto/chez-nanou,,,False,False,False,False,False
182,exact,/restos/chic-pizza,https://top-halal.fr/resto/chic-pizza,,,False,False,False,False,False
183,exact,/restos/chicken-bel,https://top-halal.fr/resto/chicken-bel,,,False,False,False,False,False
184,exact,/restos/chicken-by-night,https://top-halal.fr/resto/chicken-by-night,,,False,False,False,False,False
185,exact,/restos/chickn-rice,https://top-halal.fr/resto/chickn-rice,,,False,False,False,False,False
186,exact,/restos/chiken-points,https://top-halal.fr/resto/chiken-points,,,False,False,False,False,False
187,exact,/restos/chikenworld,https://top-halal.fr/resto/chikenworld,,,False,False,False,False,False
188,exact,/restos/chilis,https://top-halal.fr/resto/chilis,,,False,False,False,False,False
189,exact,/restos/craken-creperie,https://top-halal.fr/resto/craken-creperie,,,False,False,False,False,False
190,exact,/restos/crepe-tower,https://top-halal.fr/resto/crepe-tower,,,False,False,False,False,False
191,exact,/restos/crousti-coq,https://top-halal.fr/resto/crousti-coq,,,False,False,False,False,False
192,exact,/restos/daar-djerba,https://top-halal.fr/resto/daar-djerba,,,False,False,False,False,False
193,exact,/restos/daily-grill,https://top-halal.fr/resto/daily-grill,,,False,False,False,False,False
194,exact,/restos/dar-di-pasta,https://top-halal.fr/resto/dar-di-pasta,,,False,False,False,False,False
195,exact,/restos/dare-wok,https://top-halal.fr/resto/dare-wok,,,False,False,False,False,False
196,exact,/restos/darna,https://top-halal.fr/resto/darna,,,False,False,False,False,False
197,exact,/restos/delice-de-bagneux,https://top-halal.fr/resto/delice-de-bagneux,,,False,False,False,False,False
198,exact,/restos/delice-du-maroc,https://top-halal.fr/resto/delice-du-maroc,,,False,False,False,False,False
199,exact,/restos/delicity,https://top-halal.fr/resto/delicity,,,False,False,False,False,False
200,exact,/restos/diffa-pizza,https://top-halal.fr/resto/diffa-pizza,,,False,False,False,False,False
201,exact,/restos/doctor-pizz,https://top-halal.fr/resto/doctor-pizz,,,False,False,False,False,False
202,exact,/restos/dolce-vita,https://top-halal.fr/resto/dolce-vita,,,False,False,False,False,False
203,exact,/restos/dragon-wok,https://top-halal.fr/resto/dragon-wok,,,False,False,False,False,False
204,exact,/restos/easy-pizza,https://top-halal.fr/resto/easy-pizza,,,False,False,False,False,False
205,exact,/restos/eden-sushi,https://top-halal.fr/resto/eden-sushi,,,False,False,False,False,False
206,exact,/restos/ekko-pizza,https://top-halal.fr/resto/ekko-pizza,,,False,False,False,False,False
207,exact,/restos/el-daya,https://top-halal.fr/resto/el-daya,,,False,False,False,False,False
208,exact,/restos/el-forno,https://top-halal.fr/resto/el-forno,,,False,False,False,False,False
209,exact,/restos/el-medina,https://top-halal.fr/resto/el-medina,,,False,False,False,False,False
210,exact,/restos/emre-snack,https://top-halal.fr/resto/emre-snack,,,False,False,False,False,False
211,exact,/restos/enk,https://top-halal.fr/resto/enk,,,False,False,False,False,False
212,exact,/restos/familys-pizza,https://top-halal.fr/resto/familys-pizza,,,False,False,False,False,False
213,exact,/restos/fastthai,https://top-halal.fr/resto/fastthai,,,False,False,False,False,False
214,exact,/restos/fch-the-french-chicken-house,https://top-halal.fr/resto/fch-the-french-chicken-house,,,False,False,False,False,False
215,exact,/restos/figue-olive,https://top-halal.fr/resto/figue-olive,,,False,False,False,False,False
216,exact,/restos/fine-lalla,https://top-halal.fr/resto/fine-lalla,,,False,False,False,False,False
217,exact,/restos/first-coffee,https://top-halal.fr/resto/first-coffee,,,False,False,False,False,False
218,exact,/restos/french-touch,https://top-halal.fr/resto/french-touch,,,False,False,False,False,False
219,exact,/restos/freschezza,https://top-halal.fr/resto/freschezza,,,False,False,False,False,False
220,exact,/restos/golden-food-toulouse,https://top-halal.fr/resto/golden-food-toulouse,,,False,False,False,False,False
221,exact,/restos/halikarnas-pantin,https://top-halal.fr/resto/halikarnas-pantin,,,False,False,False,False,False
222,exact,/restos/happy-sushi,https://top-halal.fr/resto/happy-sushi,,,False,False,False,False,False
223,exact,/restos/hawassi,https://top-halal.fr/resto/hawassi,,,False,False,False,False,False
224,exact,/restos/he-pates-moi,https://top-halal.fr/resto/he-pates-moi,,,False,False,False,False,False
225,exact,/restos/hilao-chicken,https://top-halal.fr/resto/hilao-chicken,,,False,False,False,False,False
226,exact,/restos/i-love-asie,https://top-halal.fr/resto/i-love-asie,,,False,False,False,False,False
227,exact,/restos/ifrikiya,https://top-halal.fr/resto/ifrikiya,,,False,False,False,False,False
228,exact,/restos/imperial-sushi,https://top-halal.fr/resto/imperial-sushi,,,False,False,False,False,False
229,exact,/restos/indian-food,https://top-halal.fr/resto/indian-food,,,False,False,False,False,False
230,exact,/restos/indian-lunch,https://top-halal.fr/resto/indian-lunch,,,False,False,False,False,False
231,exact,/restos/infinity-sushi,https://top-halal.fr/resto/infinity-sushi,,,False,False,False,False,False
232,exact,/restos/kidals-food,https://top-halal.fr/resto/kidals-food,,,False,False,False,False,False
233,exact,/restos/king-star-crepe,https://top-halal.fr/resto/king-star-crepe,,,False,False,False,False,False
234,exact,/restos/kom-a-la-maison,https://top-halal.fr/resto/kom-a-la-maison,,,False,False,False,False,False
235,exact,/restos/kydam-pizza-pasta,https://top-halal.fr/resto/kydam-pizza-pasta,,,False,False,False,False,False
236,exact,/restos/la-baraque-a-frites,https://top-halal.fr/resto/la-baraque-a-frites,,,False,False,False,False,False
237,exact,/restos/la-barricade,https://top-halal.fr/resto/la-barricade,,,False,False,False,False,False
238,exact,/restos/la-belle-colombe,https://top-halal.fr/resto/la-belle-colombe,,,False,False,False,False,False
239,exact,/restos/la-belle-dorient,https://top-halal.fr/resto/la-belle-dorient,,,False,False,False,False,False
240,exact,/restos/la-branche,https://top-halal.fr/resto/la-branche,,,False,False,False,False,False
241,exact,/restos/la-casa-di-manza,https://top-halal.fr/resto/la-casa-di-manza,,,False,False,False,False,False
242,exact,/restos/la-casa-poulet-braise,https://top-halal.fr/resto/la-casa-poulet-braise,,,False,False,False,False,False
243,exact,/restos/la-mie-marie,https://top-halal.fr/resto/la-mie-marie,,,False,False,False,False,False
244,exact,/restos/la-palme,https://top-halal.fr/resto/la-palme,,,False,False,False,False,False
245,exact,/restos/la-petite-braise,https://top-halal.fr/resto/la-petite-braise,,,False,False,False,False,False
246,exact,/restos/la-petite-pause,https://top-halal.fr/resto/la-petite-pause,,,False,False,False,False,False
247,exact,/restos/la-petite-venise,https://top-halal.fr/resto/la-petite-venise,,,False,False,False,False,False
248,exact,/restos/la-riviera,https://top-halal.fr/resto/la-riviera,,,False,False,False,False,False
249,exact,/restos/la-table-fleurie,https://top-halal.fr/resto/la-table-fleurie,,,False,False,False,False,False
250,exact,/restos/la-troika-libanaise,https://top-halal.fr/resto/la-troika-libanaise,,,False,False,False,False,False
251,exact,/restos/ladresse,https://top-halal.fr/resto/ladresse,,,False,False,False,False,False
252,exact,/restos/lalqila,https://top-halal.fr/resto/lalqila,,,False,False,False,False,False
253,exact,/restos/lardoise,https://top-halal.fr/resto/lardoise,,,False,False,False,False,False
254,exact,/restos/layal,https://top-halal.fr/resto/layal,,,False,False,False,False,False
255,exact,/restos/le-bagdad-cafe,https://top-halal.fr/resto/le-bagdad-cafe,,,False,False,False,False,False
256,exact,/restos/le-bollywood,https://top-halal.fr/resto/le-bollywood,,,False,False,False,False,False
257,exact,/restos/le-carre-rouge,https://top-halal.fr/resto/le-carre-rouge,,,False,False,False,False,False
258,exact,/restos/le-cedre-oriental,https://top-halal.fr/resto/le-cedre-oriental,,,False,False,False,False,False
259,exact,/restos/le-comptoir,https://top-halal.fr/resto/le-comptoir,,,False,False,False,False,False
260,exact,/restos/le-confidentiel,https://top-halal.fr/resto/le-confidentiel,,,False,False,False,False,False
261,exact,/restos/le-djembe,https://top-halal.fr/resto/le-djembe,,,False,False,False,False,False
262,exact,/restos/le-filao,https://top-halal.fr/resto/le-filao,,,False,False,False,False,False
263,exact,/restos/le-finest,https://top-halal.fr/resto/le-finest,,,False,False,False,False,False
264,exact,/restos/le-frenchy,https://top-halal.fr/resto/le-frenchy,,,False,False,False,False,False
265,exact,/restos/le-hall-restaurant,https://top-halal.fr/resto/le-hall-restaurant,,,False,False,False,False,False
266,exact,/restos/le-jardin-du-maroc,https://top-halal.fr/resto/le-jardin-du-maroc,,,False,False,False,False,False
267,exact,/restos/le-jumeyrah,https://top-halal.fr/resto/le-jumeyrah,,,False,False,False,False,False
268,exact,/restos/le-karachi,https://top-halal.fr/resto/le-karachi,,,False,False,False,False,False
269,exact,/restos/le-lobia,https://top-halal.fr/resto/le-lobia,,,False,False,False,False,False
270,exact,/restos/le-maharajah,https://top-halal.fr/resto/le-maharajah,,,False,False,False,False,False
271,exact,/restos/le-marceau,https://top-halal.fr/resto/le-marceau,,,False,False,False,False,False
272,exact,/restos/le-medaillon,https://top-halal.fr/resto/le-medaillon,,,False,False,False,False,False
273,exact,/restos/le-miyanis,https://top-halal.fr/resto/le-miyanis,,,False,False,False,False,False
274,exact,/restos/le-mosaic,https://top-halal.fr/resto/le-mosaic,,,False,False,False,False,False
275,exact,/restos/le-napolitain,https://top-halal.fr/resto/le-napolitain,,,False,False,False,False,False
276,exact,/restos/le-nioumre,https://top-halal.fr/resto/le-nioumre,,,False,False,False,False,False
277,exact,/restos/le-onzieme,https://top-halal.fr/resto/le-onzieme,,,False,False,False,False,False
278,exact,/restos/le-petit-gourmet,https://top-halal.fr/resto/le-petit-gourmet,,,False,False,False,False,False
279,exact,/restos/le-plazza-sushi,https://top-halal.fr/resto/le-plazza-sushi,,,False,False,False,False,False
280,exact,/restos/le-rhumel,https://top-halal.fr/resto/le-rhumel,,,False,False,False,False,False
281,exact,/restos/le-sarrazin,https://top-halal.fr/resto/le-sarrazin,,,False,False,False,False,False
282,exact,/restos/le-selam,https://top-halal.fr/resto/le-selam,,,False,False,False,False,False
283,exact,/restos/le-shems,https://top-halal.fr/resto/le-shems,,,False,False,False,False,False
284,exact,/restos/le-shimla,https://top-halal.fr/resto/le-shimla,,,False,False,False,False,False
285,exact,/restos/le-tacos,https://top-halal.fr/resto/le-tacos,,,False,False,False,False,False
286,exact,/restos/le-taliani,https://top-halal.fr/resto/le-taliani,,,False,False,False,False,False
287,exact,/restos/le-temps-dun-delice,https://top-halal.fr/resto/le-temps-dun-delice,,,False,False,False,False,False
288,exact,/restos/le-venise,https://top-halal.fr/resto/le-venise,,,False,False,False,False,False
289,exact,/restos/le-village-indien,https://top-halal.fr/resto/le-village-indien,,,False,False,False,False,False
290,exact,/restos/le-wanted,https://top-halal.fr/resto/le-wanted,,,False,False,False,False,False
291,exact,/restos/le-wok-cafe,https://top-halal.fr/resto/le-wok-cafe,,,False,False,False,False,False
292,exact,/restos/le-wok-racine,https://top-halal.fr/resto/le-wok-racine,,,False,False,False,False,False
293,exact,/restos/le-wok-saint-germain,https://top-halal.fr/resto/le-wok-saint-germain,,,False,False,False,False,False
294,exact,/restos/lempire-du-kebab,https://top-halal.fr/resto/lempire-du-kebab,,,False,False,False,False,False
295,exact,/restos/les-delices-de-puteaux-zaouit,https://top-halal.fr/resto/les-delices-de-puteaux-zaouit,,,False,False,False,False,False
296,exact,/restos/les-enfants-terribles,https://top-halal.fr/resto/les-enfants-terribles,,,False,False,False,False,False
297,exact,/restos/lescapade-triolo,https://top-halal.fr/resto/lescapade-triolo,,,False,False,False,False,False
298,exact,/restos/linedit,https://top-halal.fr/resto/linedit,,,False,False,False,False,False
299,exact,/restos/little-wok,https://top-halal.fr/resto/little-wok,,,False,False,False,False,False
300,exact,/restos/livraison-de-nuit,https://top-halal.fr/resto/livraison-de-nuit,,,False,False,False,False,False
301,exact,/restos/lobby-lounge,https://top-halal.fr/resto/lobby-lounge,,,False,False,False,False,False
302,exact,/restos/lunch-club,https://top-halal.fr/resto/lunch-club,,,False,False,False,False,False
303,exact,/restos/lyon-fast,https://top-halal.fr/resto/lyon-fast,,,False,False,False,False,False
304,exact,/restos/ma-poule-grillee,https://top-halal.fr/resto/ma-poule-grillee,,,False,False,False,False,False
305,exact,/restos/mac-ankara,https://top-halal.fr/resto/mac-ankara,,,False,False,False,False,False
306,exact,/restos/made-mex,https://top-halal.fr/resto/made-mex,,,False,False,False,False,False
307,exact,/restos/maxi-tacos,https://top-halal.fr/resto/maxi-tacos,,,False,False,False,False,False
308,exact,/restos/megna,https://top-halal.fr/resto/megna,,,False,False,False,False,False
309,exact,/restos/miam-burger-marseille,https://top-halal.fr/resto/miam-burger-marseille,,,False,False,False,False,False
310,exact,/restos/mixn-wok,https://top-halal.fr/resto/mixn-wok,,,False,False,False,False,False
311,exact,/restos/mondial-pizza,https://top-halal.fr/resto/mondial-pizza,,,False,False,False,False,False
312,exact,/restos/montecristo-marrakech,https://top-halal.fr/resto/montecristo-marrakech,,,False,False,False,False,False
313,exact,/restos/montmartroy,https://top-halal.fr/resto/montmartroy,,,False,False,False,False,False
314,exact,/restos/montreuil-express,https://top-halal.fr/resto/montreuil-express,,,False,False,False,False,False
315,exact,/restos/mr-pasta,https://top-halal.fr/resto/mr-pasta,,,False,False,False,False,False
316,exact,/restos/mundocrep,https://top-halal.fr/resto/mundocrep,,,False,False,False,False,False
317,exact,/restos/nems-sushi,https://top-halal.fr/resto/nems-sushi,,,False,False,False,False,False
318,exact,/restos/new-delice-de-bagneux,https://top-halal.fr/resto/new-delice-de-bagneux,,,False,False,False,False,False
319,exact,/restos/new-pondichery,https://top-halal.fr/resto/new-pondichery,,,False,False,False,False,False
320,exact,/restos/new-taj-mahal,https://top-halal.fr/resto/new-taj-mahal,,,False,False,False,False,False
321,exact,/restos/ninou-tacos,https://top-halal.fr/resto/ninou-tacos,,,False,False,False,False,False
322,exact,/restos/ninous-pizzeria,https://top-halal.fr/resto/ninous-pizzeria,,,False,False,False,False,False
323,exact,/restos/nouilles-n-wok,https://top-halal.fr/resto/nouilles-n-wok,,,False,False,False,False,False
324,exact,/restos/noujoum,https://top-halal.fr/resto/noujoum,,,False,False,False,False,False
325,exact,/restos/o-bon-coin,https://top-halal.fr/resto/o-bon-coin,,,False,False,False,False,False
326,exact,/restos/o-dukes,https://top-halal.fr/resto/o-dukes,,,False,False,False,False,False
327,exact,/restos/o-kyoto,https://top-halal.fr/resto/o-kyoto,,,False,False,False,False,False
328,exact,/restos/o-mafe,https://top-halal.fr/resto/o-mafe,,,False,False,False,False,False
329,exact,/restos/o-resto-dasie,https://top-halal.fr/resto/o-resto-dasie,,,False,False,False,False,False
330,exact,/restos/occo-chicken,https://top-halal.fr/resto/occo-chicken,,,False,False,False,False,False
331,exact,/restos/oriental-tacosn-chicken,https://top-halal.fr/resto/oriental-tacosn-chicken,,,False,False,False,False,False
332,exact,/restos/orina-food,https://top-halal.fr/resto/orina-food,,,False,False,False,False,False
333,exact,/restos/osushic,https://top-halal.fr/resto/osushic,,,False,False,False,False,False
334,exact,/restos/otacos,https://top-halal.fr/resto/otacos,,,False,False,False,False,False
335,exact,/restos/oujda,https://top-halal.fr/resto/oujda,,,False,False,False,False,False
336,exact,/restos/palais-des-roses,https://top-halal.fr/resto/palais-des-roses,,,False,False,False,False,False
337,exact,/restos/pantin-food,https://top-halal.fr/resto/pantin-food,,,False,False,False,False,False
338,exact,/restos/papa-mario-pizza,https://top-halal.fr/resto/papa-mario-pizza,,,False,False,False,False,False
339,exact,/restos/paparazzi,https://top-halal.fr/resto/paparazzi,,,False,False,False,False,False
340,exact,/restos/paparazzi-express,https://top-halal.fr/resto/paparazzi-express,,,False,False,False,False,False
341,exact,/restos/paparazzi-sushi,https://top-halal.fr/resto/paparazzi-sushi,,,False,False,False,False,False
342,exact,/restos/paris-french-cantine,https://top-halal.fr/resto/paris-french-cantine,,,False,False,False,False,False
343,exact,/restos/pasta-gusty,https://top-halal.fr/resto/pasta-gusty,,,False,False,False,False,False
344,exact,/restos/pasta-nina,https://top-halal.fr/resto/pasta-nina,,,False,False,False,False,False
345,exact,/restos/pastasandwich,https://top-halal.fr/resto/pastasandwich,,,False,False,False,False,False
346,exact,/restos/pates-a-crepes,https://top-halal.fr/resto/pates-a-crepes,,,False,False,False,False,False
347,exact,/restos/pekin-express,https://top-halal.fr/resto/pekin-express,,,False,False,False,False,False
348,exact,/restos/pepper-grill,https://top-halal.fr/resto/pepper-grill,,,False,False,False,False,False
349,exact,/restos/pizza-mozart,https://top-halal.fr/resto/pizza-mozart,,,False,False,False,False,False
350,exact,/restos/pizza-odessa,https://top-halal.fr/resto/pizza-odessa,,,False,False,False,False,False
351,exact,/restos/quick,https://top-halal.fr/,,,False,False,True,False,False
352,exact,/restos/quick-halal-villeneuve-saint-georges,https://top-halal.fr/resto/quick-halal-villeneuve-saint-georges,,,False,False,False,False,False
353,exact,/restos/quick-hallal-toulouse-basso-cambo,https://top-halal.fr/resto/quick-hallal-toulouse-basso-cambo,,,False,False,False,False,False
354,exact,/restos/rapidos-tacos,https://top-halal.fr/resto/rapidos-tacos,,,False,False,False,False,False
355,exact,/restos/restaurant-chennai,https://top-halal.fr/resto/restaurant-chennai,,,False,False,False,False,False
356,exact,/restos/restaurant-mado-le-terminal,https://top-halal.fr/resto/restaurant-mado-le-terminal,,,False,False,False,False,False
357,exact,/restos/restaurant-pondicherry,https://top-halal.fr/resto/restaurant-pondicherry,,,False,False,False,False,False
358,exact,/restos/restaurant-qg,https://top-halal.fr/resto/restaurant-qg,,,False,False,False,False,False
359,exact,/restos/restaurant-riad-marrakech,https://top-halal.fr/resto/restaurant-riad-marrakech,,,False,False,False,False,False
360,exact,/restos/roanne-kebab,https://top-halal.fr/resto/roanne-kebab,,,False,False,False,False,False
361,exact,/restos/rocket,https://top-halal.fr/resto/rocket,,,False,False,False,False,False
362,exact,/restos/royaume-des-saveurs,https://top-halal.fr/resto/royaume-des-saveurs,,,False,False,False,False,False
363,exact,/restos/rush-hour,https://top-halal.fr/resto/rush-hour,,,False,False,False,False,False
364,exact,/restos/s-pizza,https://top-halal.fr/resto/s-pizza,,,False,False,False,False,False
365,exact,/restos/safary-west,https://top-halal.fr/resto/safary-west,,,False,False,False,False,False
366,exact,/restos/sahil,https://top-halal.fr/resto/sahil,,,False,False,False,False,False
367,exact,/restos/saint-ouen-kebab,https://top-halal.fr/resto/saint-ouen-kebab,,,False,False,False,False,False
368,exact,/restos/saj-al-reef-restaurant-libanais-certifiee-achahada,https://top-halal.fr/resto/saj-al-reef-restaurant-libanais-certifiee-achahada,,,False,False,False,False,False
369,exact,/restos/salima-traiteur,https://top-halal.fr/resto/salima-traiteur,,,False,False,False,False,False
370,exact,/restos/samourai,https://top-halal.fr/resto/samourai,,,False,False,False,False,False
371,exact,/restos/sarrazin-coffee,https://top-halal.fr/resto/sarrazin-coffee,,,False,False,False,False,False
372,exact,/restos/saveurs-dasie,https://top-halal.fr/resto/saveurs-dasie,,,False,False,False,False,False
373,exact,/restos/select-sushi,https://top-halal.fr/resto/select-sushi,,,False,False,False,False,False
374,exact,/restos/shainez,https://top-halal.fr/resto/shainez,,,False,False,False,False,False
375,exact,/restos/sheezan,https://top-halal.fr/resto/sheezan,,,False,False,False,False,False
376,exact,/restos/simpli-kebab,https://top-halal.fr/resto/simpli-kebab,,,False,False,False,False,False
377,exact,/restos/snack-down,https://top-halal.fr/resto/snack-down,,,False,False,False,False,False
378,exact,/restos/snackshop,https://top-halal.fr/resto/snackshop,,,False,False,False,False,False
379,exact,/restos/so-lounge-restaurant,https://top-halal.fr/resto/so-lounge-restaurant,,,False,False,False,False,False
380,exact,/restos/so-suchi,https://top-halal.fr/resto/so-suchi,,,False,False,False,False,False
381,exact,/restos/soleil-liban,https://top-halal.fr/resto/soleil-liban,,,False,False,False,False,False
382,exact,/restos/som-tam-thai,https://top-halal.fr/resto/som-tam-thai,,,False,False,False,False,False
383,exact,/restos/sorami-kebab,https://top-halal.fr/resto/sorami-kebab,,,False,False,False,False,False
384,exact,/restos/speed-tacos,https://top-halal.fr/resto/speed-tacos,,,False,False,False,False,False
385,exact,/restos/spicy-tandoori,https://top-halal.fr/resto/spicy-tandoori,,,False,False,False,False,False
386,exact,/restos/sushi-day,https://top-halal.fr/resto/sushi-day,,,False,False,False,False,False
387,exact,/restos/sushi-plus,https://top-halal.fr/resto/sushi-plus,,,False,False,False,False,False
388,exact,/restos/sushi-times,https://top-halal.fr/resto/sushi-times,,,False,False,False,False,False
389,exact,/restos/sushi-town,https://top-halal.fr/resto/sushi-town,,,False,False,False,False,False
390,exact,/restos/sushi-wan,https://top-halal.fr/resto/sushi-wan,,,False,False,False,False,False
391,exact,/restos/sushi-white,https://top-halal.fr/resto/sushi-white,,,False,False,False,False,False
392,exact,/restos/sushi-wok,https://top-halal.fr/resto/sushi-wok,,,False,False,False,False,False
393,exact,/restos/sushibaze,https://top-halal.fr/resto/sushibaze,,,False,False,False,False,False
394,exact,/restos/sushimax,https://top-halal.fr/resto/sushimax,,,False,False,False,False,False
395,exact,/restos/sushione,https://top-halal.fr/resto/sushione,,,False,False,False,False,False
396,exact,/restos/sushiplaza-halal,https://top-halal.fr/resto/sushiplaza-halal,,,False,False,False,False,False
397,exact,/restos/tacos-du-forez,https://top-halal.fr/resto/tacos-du-forez,,,False,False,False,False,False
398,exact,/restos/tafraout,https://top-halal.fr/resto/tafraout,,,False,False,False,False,False
399,exact,/restos/tagine-et-tradition,https://top-halal.fr/resto/tagine-et-tradition,,,False,False,False,False,False
400,exact,/restos/tandoori-house,https://top-halal.fr/resto/tandoori-house,,,False,False,False,False,False
401,exact,/restos/tavolo,https://top-halal.fr/resto/tavolo,,,False,False,False,False,False
402,exact,/restos/tel-pizza,https://top-halal.fr/resto/tel-pizza,,,False,False,False,False,False
403,exact,/restos/tesmine,https://top-halal.fr/resto/tesmine,,,False,False,False,False,False
404,exact,/restos/thai-bamboo,https://top-halal.fr/resto/thai-bamboo,,,False,False,False,False,False
405,exact,/restos/thai-night-livraison-de-nuit,https://top-halal.fr/resto/thai-night-livraison-de-nuit,,,False,False,False,False,False
406,exact,/restos/thai-wok,https://top-halal.fr/resto/thai-wok,,,False,False,False,False,False
407,exact,/restos/the-french-wok,https://top-halal.fr/resto/the-french-wok,,,False,False,False,False,False
408,exact,/restos/the-grill-house,https://top-halal.fr/resto/the-grill-house,,,False,False,False,False,False
409,exact,/restos/the-pacific,https://top-halal.fr/resto/the-pacific,,,False,False,False,False,False
410,exact,/restos/tingis,https://top-halal.fr/resto/tingis,,,False,False,False,False,False
411,exact,/restos/tip-top-burger-pizz,https://top-halal.fr/resto/tip-top-burger-pizz,,,False,False,False,False,False
412,exact,/restos/todays-burger-chicken,https://top-halal.fr/resto/todays-burger-chicken,,,False,False,False,False,False
413,exact,/restos/traiteur-wing-wah,https://top-halal.fr/resto/traiteur-wing-wah,,,False,False,False,False,False
414,exact,/restos/tresors-dasie,https://top-halal.fr/resto/tresors-dasie,,,False,False,False,False,False
415,exact,/restos/triolopizza,https://top-halal.fr/resto/triolopizza,,,False,False,False,False,False
416,exact,/restos/tunistunis,https://top-halal.fr/resto/tunistunis,,,False,False,False,False,False
417,exact,/restos/un-mexicain-a-marseille,https://top-halal.fr/resto/un-mexicain-a-marseille,,,False,False,False,False,False
418,exact,/restos/web-pizza,https://top-halal.fr/resto/web-pizza,,,False,False,False,False,False
419,exact,/restos/why-not-sushi,https://top-halal.fr/resto/why-not-sushi,,,False,False,False,False,False
420,exact,/restos/wok-and-go,https://top-halal.fr/resto/wok-and-go,,,False,False,False,False,False
421,exact,/restos/yakamoze,https://top-halal.fr/resto/yakamoze,,,False,False,False,False,False
422,exact,/restos/yasmin,https://top-halal.fr/resto/yasmin,,,False,False,False,False,False
423,exact,/restos/zaeka,https://top-halal.fr/resto/zaeka,,,False,False,False,False,False
424,exact,/restos/zagora,https://top-halal.fr/resto/zagora,,,False,False,False,False,False
425,exact,/restos/zarda-food,https://top-halal.fr/resto/zarda-food,,,False,False,False,False,False
426,rewrite,^inscription-gratuite.*$,https://top-halal.fr/ajouter-un-restaurant?,"R=301,L",,False,False,False,True,False
427,rewrite,^login.*$,https://top-halal.fr/ajouter-un-restaurant?,"R=301,L",,False,False,False,True,False
428,rewrite,^mon-compte/(avis.*|restaurants.*)$,https://top-halal.fr/ajouter-un-restaurant?,"R=301,L",,False,False,False,True,False
429,rewrite,^(.*/tag/.*|tag/.*)$,https://top-halal.fr/?,"R=301,L",,False,False,True,True,False
430,rewrite,^restaurants/revendiquer/.*$,https://top-halal.fr/?,"R=301,L",,False,False,True,True,False
431,exact,/restaurants-par-theme,https://top-halal.fr/guide-top-halal,,,False,False,False,False,False
432,exact,/ajouter-un-evenement,https://top-halal.fr/ajouter-un-restaurant,,,False,False,False,False,False
452,rewrite,^restaurants/([a-z0-9\-]*)$,https://top-halal.fr/resto/$1,"R=301,L",%{REQUEST_URI} !^/restaurants/sainte-genevieve-des-bois$ | %{REQUEST_URI} !^/restaurants/le-havre$ | %{REQUEST_URI} !^/restaurants/saint-brice-sous-foret$ | %{REQUEST_URI} !^/restaurants/saint-germain-les-corbeil$ | %{REQUEST_URI} !^/restaurants/villeneuve-saint-georges$ | %{REQUEST_URI} !^/restaurants/voulx$ | %{REQUEST_URI} !^/restaurants/vouziers$ | %{REQUEST_URI} !^/restaurants/wasquehal$ | %{REQUEST_URI} !^/restaurants/acheres$ | %{REQUEST_URI} !^/restaurants/appthemes$ | %{REQUEST_URI} !^/restaurants/asnieres-sur-seine$ | %{REQUEST_URI} !^/restaurants/aubonne$ | %{REQUEST_URI} !^/restaurants/bagneux$ | %{REQUEST_URI} !^/restaurants/beach--2$ | %{REQUEST_URI} !^/restaurants/burger-trip-restaurant-de-qualite$ | %{REQUEST_URI} !^/restaurants/cesson-sevigne$ | %{REQUEST_URI} !^/restaurants/chez-tanty$ | %{REQUEST_URI} !^/restaurants/cours-lieutaud$ | %{REQUEST_URI} !^/restaurants/epinay-sur-seine$,False,False,False,False,False
453,rewrite,^restaurant/([a-z\-]*)$,https://top-halal.fr/restos/$1,"R=301,L",,False,False,False,False,False
454,rewrite,^restaurants/page/.*$,https://top-halal.fr/restos/paris?,"R=301,L",,False,False,False,True,False
455,rewrite,^restaurants/hallal/acces-handicape.*$,https://top-halal.fr/service/acces-handicape?,"R=301,L",,False,False,False,True,False
456,rewrite,^restaurants/hallal/ambiance-musicale.*$,https://top-halal.fr/service/ambiance-musicale?,"R=301,L",,False,False,False,True,False
457,rewrite,^restaurants/hallal/beau-decor.*$,https://top-halal.fr/service/beau-decor?,"R=301,L",,False,False,False,True,False
458,rewrite,^restaurants/hallal/branche.*$,https://top-halal.fr/service/branche?,"R=301,L",,False,False,False,True,False
459,rewrite,^restaurants/hallal/cuisine-italienne.*$,https://top-halal.fr/specialites/cuisine-italienne?,"R=301,L",,False,False,False,True,False
460,rewrite,^restaurants/hallal/cuisine-africaine.*$,https://top-halal.fr/specialites/cuisine-africaine?,"R=301,L",,False,False,False,True,False
461,rewrite,^restaurants/hallal/cuisine-algerienne.*$,https://top-halal.fr/specialites/cuisine-algerienne?,"R=301,L",,False,False,False,True,False
462,rewrite,^restaurants/hallal/cuisine-chicken.*$,https://top-halal.fr/specialites/cuisine-chicken?,"R=301,L",,False,False,False,True,False
463,rewrite,^restaurants/hallal/cuisine-chinoise.*$,https://top-halal.fr/specialites/cuisine-chinoise?,"R=301,L",,False,False,False,True,False
464,rewrite,^restaurants/hallal/cuisine-creperie.*$,https://top-halal.fr/specialites/cuisine-creperie?,"R=301,L",,False,False,False,True,False
465,rewrite,^restaurants/hallal/cuisine-fast-food.*$,https://top-halal.fr/specialites/cuisine-fast-food?,"R=301,L",,False,False,False,True,False
466,rewrite,^restaurants/hallal/cuisine-francaise.*$,https://top-halal.fr/specialites/cuisine-francaise?,"R=301,L",,False,False,False,True,False
467,rewrite,^restaurants/hallal/cuisine-indienne.*$,https://top-halal.fr/specialites/cuisine-indienne?,"R=301,L",,False,False,False,True,False
468,rewrite,^restaurants/hallal/cuisine-japonaise.*$,https://top-halal.fr/specialites/cuisine-japonaise?,"R=301,L",,False,False,False,True,False
469,rewrite,^restaurants/hallal/cuisine-libanaise.*$,https://top-halal.fr/specialites/cuisine-libanaise?,"R=301,L",,False,False,False,True,False
470,rewrite,^restaurants/hallal/cuisine-pizzeria.*$,https://top-halal.fr/specialites/cuisine-pizzeria?,"R=301,L",,False,False,False,True,False
471,rewrite,^restaurants/hallal/cuisine-thailandaise.*$,https://top-halal.fr/specialites/cuisine-thailandaise?,"R=301,L",,False,False,False,True,False
472,rewrite,^restaurants/hallal/cuisine-marocaine.*$,https://top-halal.fr/specialites/cuisine-marocaine?,"R=301,L",,False,False,False,True,False
473,rewrite,^restaurants/hallal/cuisine-tunisienne.*$,https://top-halal.fr/specialites/cuisine-tunisienne?,"R=301,L",,False,False,False,True,False
474,rewrite,^restaurants/hallal/cuisine-turque.*$,https://top-halal.fr/specialites/cuisine-turque?,"R=301,L",,False,False,False,True,False
475,rewrite,^restaurants/hallal/etablissement-certifie.*$,https://top-halal.fr/service/certifie-halal?,"R=301,L",,False,False,False,True,False
476,rewrite,^restaurants/hallal/kebab-frites.*$,https://top-halal.fr/specialites/kebab-frites?,"R=301,L",,False,False,False,True,False
477,rewrite,^restaurants/hallal/mauricien.*$,https://top-halal.fr/?,"R=301,L",,False,False,True,True,False
478,rewrite,^restaurants/hallal/original.*$,https://top-halal.fr/service/original?,"R=301,L",,False,False,False,True,False
479,rewrite,^restaurants/hallal/romantique.*$,https://top-halal.fr/service/romantique?,"R=301,L",,False,False,False,True,False
480,rewrite,^restaurants/hallal/salle-de-priere.*$,https://top-halal.fr/service/salle-de-priere?,"R=301,L",,False,False,False,True,False
481,rewrite,^restaurants/hallal/sans-alcool.*$,https://top-halal.fr/service/sans-alcool?,"R=301,L",,False,False,False,True,False
482,rewrite,^restaurants/hallal/terrasse.*$,https://top-halal.fr/service/terrasse?,"R=301,L",,False,False,False,True,False
483,rewrite,^restaurants/hallal/traiteur.*$,https://top-halal.fr/service/traiteur?,"R=301,L",,False,False,False,True,False
484,rewrite,^restaurants/hallal/vente-a-emporter.*$,https://top-halal.fr/service/vente-a-emporter?,"R=301,L",,False,False,False,True,False
485,rewrite,^restaurants/hallal/wi-fi.*$,https://top-halal.fr/service/wi-fi?,"R=301,L",,False,False,False,True,False
486,rewrite,^restaurants/hallal/salon-de-the.*$,https://top-halal.fr/specialites/salon-de-the?,"R=301,L",,False,False,False,True,False
487,rewrite,^restaurants/hallal/specialites-variees.*$,https://top-halal.fr/specialites/variees?,"R=301,L",,False,False,False,True,False
489,rewrite,^.*$,https://top-halal.fr/restos/%1?,"R=301,L",%{QUERY_STRING} ^location=([a-z\-]*)&.*$,False,True,False,True,False
491,rewrite,^.*$,https://top-halal.fr/restos/%1?,"R=301,L",%{QUERY_STRING} ^location=([a-z\-]*)$,False,True,False,True,False
492,rewrite,^(.*)/comment-page-[0-9]$,https://top-halal.fr/$1,"R=301,L",,False,False,False,False,False
493,rewrite,^restaurants/hallal/cuisine-egyptienne.*$,https://top-halal.fr/specialites/variees?,"R=301,L",,False,False,False,True,False
494,rewrite,^restaurants/hallal/cuisine-iranienne.*$,https://top-halal.fr/specialites/variees?,"R=301,L",,False,False,False,True,False
495,rewrite,^restaurants/hallal/vietnamien.*$,https://top-halal.fr/specialites/variees?,"R=301,L",,False,False,False,True,False
496,rewrite,^restaurants/hallal/coreen.*$,https://top-halal.fr/specialites/variees?,"R=301,L",,False,False,False,True,False
497,rewrite,^restaurants/hallal/africainee.*$,https://top-halal.fr/specialites/cuisine-africaine?,"R=301,L",,False,False,False,True,False
499,rewrite,^mosquee-de-paris/islam$,https://top-halal.fr/mosquee-de-paris/quest-ce-que-lislam?,"L,R=301",,False,False,False,True,False
